,rv1,rv2,rv3
1,3.915600951,1785.747225,1149.878688
2,2.330064328,1756.206867,1313.401867
3,2.826951899,1714.446686,1016.263089
4,5.560833503,1716.580924,1305.741543
5,9.413960561,1739.252918,1933.358032
6,2.174391635,1867.472095,1430.654167
7,4.66552327,1850.261893,1708.964743
8,3.986475698,1697.592498,1513.156211
9,5.069168458,1807.139717,1530.098491
10,0.101584301,1972.249323,1432.794343
11,0.116815155,1666.133317,1545.503116
12,0.587368062,1686.163931,1955.170878
13,1.142197123,1912.617493,1147.722326
14,1.440857478,1646.975503,1475.85501
15,4.791794233,1878.727494,1802.960103
16,5.218404402,1819.381077,1116.56617
17,4.25826085,1758.108895,1290.157973
18,2.555333236,1822.707819,1967.201662
19,1.264837995,1823.139371,1854.022712
20,1.002586362,1812.411554,1908.863564
21,0.841829702,1787.51682,1136.102573
22,0.39987481,1639.43886,1817.827217
23,3.396882489,1936.515026,1900.812029
24,8.692046262,1938.080068,1939.13952
25,2.845991939,1681.803488,1848.541936
26,3.422353822,1600.131907,1457.245031
27,1.599058237,1770.252543,1532.258822
28,0.4007191,1839.437229,1362.398174
29,0.969104512,1689.74435,1597.143601
30,3.411379206,1796.846745,1151.357406
31,1.62743772,1851.223191,1520.80341
32,5.505055988,1870.221241,1268.184266
33,1.798840145,1818.482453,1783.915105
34,0.282869947,1896.008082,1120.517119
35,8.464895861,1807.4495,1282.406306
36,1.265132463,1631.803343,1078.733576
37,1.216604963,1875.235635,1023.572055
38,0.870441056,1831.29207,1290.379957
39,4.288364913,1808.200229,1239.374289
40,1.563981729,1830.175898,1825.150916
41,2.153103328,1688.069293,1626.65934
42,1.686158096,1935.548274,1381.335414
43,2.514960551,1873.955482,1934.231735
44,2.899862554,1943.577171,1316.875709
45,0.129697246,1673.557236,1798.844652
46,9.131812758,1735.528172,1569.086867
47,4.170636738,1697.865132,1212.715818
48,1.631978199,1735.142279,1879.464591
49,0.412256791,1745.928031,1376.534302
50,1.27079264,1920.722387,1208.832138
51,1.929766595,1828.830363,1466.884781
52,2.169179169,1931.542496,1076.390394
53,2.296512402,1787.853809,1777.977661
54,1.568253105,1717.797878,1569.815875
55,0.184030936,1715.874896,1331.783384
56,2.172709769,1759.380944,1400.371892
57,0.496555064,1871.78119,1837.737413
58,0.656606671,1673.362504,1756.86724
59,4.338963641,1988.65791,1757.019203
60,5.635671889,1868.36464,1646.069353
61,0.173125776,1801.45845,1294.948939
62,2.550395317,1780.807407,1211.711207
63,2.749922083,1859.822275,1725.512331
64,1.609457441,1590.129757,1758.127485
65,1.116451065,1772.805592,1606.05752
66,5.04052489,1941.474371,1134.83481
67,5.156520713,1746.423964,1179.03993
68,1.110330742,1800.532599,1485.212029
69,1.126185332,1907.901146,1474.835956
70,0.692627234,2012.890247,1119.577531
71,5.806442063,1813.901349,1228.646024
72,5.319154395,1855.212885,1335.172268
73,1.12253765,1901.767025,1748.66007
74,0.402776144,1836.930472,1409.587487
75,6.744627742,1829.548699,1951.540839
76,2.342857179,1854.846022,1557.505665
77,2.680237915,1670.049867,1437.452001
78,2.935733464,1952.354258,1797.93965
79,0.544528166,1825.549595,1569.402092
80,9.677906826,1780.780019,1981.986169
81,5.980265066,1881.902521,1429.573983
82,1.855209846,1693.855294,1922.437302
83,3.813353805,1798.079866,1025.121921
84,0.611831322,1763.617901,1413.048615
85,8.005627596,1902.027541,1140.844271
86,1.166293127,1938.280183,1940.888971
87,0.647787069,1887.330525,1890.375258
88,3.157680052,1742.450782,1096.968282
89,1.273388191,1866.965236,1217.917111
90,4.850096443,1883.855744,1090.469528
91,1.393202911,1891.103319,1891.409512
92,1.081322288,1774.296382,1326.036927
93,0.621207894,1565.484633,1097.694713
94,2.605704417,1887.413559,1175.92746
95,0.377926435,1791.101496,1228.540228
96,2.080460499,1830.874583,1905.435683
97,2.532350552,2056.978278,1068.778629
98,2.913881301,1794.107111,1187.24532
99,4.541383741,1695.741468,1788.394939
100,3.650562923,1756.322252,1741.631257
101,0.832532348,1913.676076,1037.149076
102,0.058822238,1765.891371,1761.044201
103,3.424305883,1943.152449,1235.449666
104,1.110103267,1873.922294,1127.670925
105,2.958138598,1831.930248,1282.291851
106,0.793293591,1788.578502,1044.83907
107,2.299974624,1985.757141,1254.04773
108,0.382515064,1818.014428,1753.70998
109,1.723376988,1814.194715,1861.398756
110,0.851493764,1852.49959,1758.922697
111,2.535700109,1810.154915,1497.665054
112,2.407665063,1731.594413,1547.344833
113,1.230046229,1740.190954,1911.42952
114,2.757460602,1899.936992,1431.060879
115,15.21185255,1697.705012,1226.608528
116,1.362389099,1955.526228,1234.446259
117,8.092415845,1835.027748,1636.116162
118,1.934103138,1724.920232,1192.739726
119,3.2689333,1909.645418,1491.019287
120,6.942572142,1804.688716,1916.397292
121,2.024304651,1698.844174,1421.985285
122,1.332981938,1574.82186,1483.584898
123,3.170400582,1895.906731,1438.549137
124,1.826812665,1677.954742,1982.089842
125,1.934828332,1778.06656,1422.340425
126,0.655116709,1951.865411,1186.65354
127,3.404753152,1778.163874,1432.407967
128,1.637257066,1740.831758,1632.539961
129,11.25366794,1711.444736,1694.121081
130,0.240087978,1773.213954,1260.935007
131,0.640796,1858.047126,1713.837524
132,0.484183847,1770.060589,1515.654074
133,5.120666938,1623.876652,1295.173012
134,1.242856078,1757.223549,1640.960488
135,0.072886426,1802.349697,1209.290461
136,2.947657459,1770.201643,1213.670615
137,1.10330754,1861.317951,1614.047163
138,4.878328433,1764.997466,1293.084052
139,1.940070628,1881.243672,1037.291393
140,0.689344717,1697.385718,1237.395508
141,6.531706033,1917.854559,1061.985036
142,5.271710219,1903.815778,1659.278075
143,3.315258418,1791.808615,1130.718403
144,2.389722164,1738.379153,1379.008518
145,0.273960652,1798.236289,1228.285469
146,2.081069109,1667.717766,1943.932144
147,5.045264864,1664.630644,1909.415931
148,3.944975124,1790.498639,1170.991875
149,0.595848878,1716.774956,1412.542114
150,2.599810514,1717.374227,1074.311971
151,5.318970116,2114.479074,1969.917638
152,1.900206103,1740.026175,1127.846532
153,0.913083041,1949.430299,1041.567832
154,0.464102698,1679.173262,1147.151242
155,1.66149059,1811.023616,1020.46841
156,5.199912579,1663.352415,1342.854884
157,2.473278399,1860.146096,1356.413167
158,2.658147856,1666.983942,1899.442782
159,1.245642702,1885.042311,1901.615935
160,1.147908676,1912.636257,1443.718021
161,1.584051648,1819.695178,1103.401897
162,6.134660057,1765.425897,1118.388385
163,1.64574105,1772.918988,1987.187045
164,2.201145127,1789.878726,1742.465446
165,2.144358736,1832.662952,1711.628536
166,3.617961681,1864.356456,1026.551811
167,0.188410758,1758.793942,1073.104424
168,3.089239656,1734.792035,1215.835957
169,0.001271275,1949.123716,1641.229853
170,2.568344244,1802.52592,1086.918331
171,4.051550299,1855.7205,1075.843329
172,3.353722874,1643.2493,1194.432412
173,2.929272434,1839.84966,1443.84973
174,0.777806204,1777.731655,1548.7887
175,1.602797277,1825.751697,1998.164939
176,3.926281376,2050.196789,1637.397363
177,0.246070231,1961.886881,1009.079472
178,0.029804434,1749.756388,1107.069258
179,1.127156605,1917.616376,1308.537728
180,6.33203361,1684.276182,1864.739468
181,3.423057731,1875.646593,1594.19303
182,1.38001938,1623.772864,1461.511631
183,5.621311037,1961.155093,1587.97057
184,0.699975733,1830.64331,1602.559458
185,2.069798171,1689.984301,1995.053159
186,3.989546643,1809.9851,1352.037999
187,3.729804441,1766.145376,1601.703581
188,2.711424337,1771.792678,1386.158794
189,0.630766246,1837.810905,1434.008365
190,2.502061475,1789.789086,1310.598409
191,6.212131558,1733.337363,1694.699366
192,0.793443121,1712.122832,1724.698027
193,1.714460188,1790.344136,1726.936688
194,0.408796659,1801.396084,1227.766231
195,5.07940857,1793.940678,1675.640677
196,0.057412722,1694.275831,1590.706113
197,4.982149052,1813.134599,1622.474759
198,2.650480362,1660.919174,1319.875691
199,1.079412758,1882.942632,1909.710737
200,2.805185962,1836.943975,1141.853201
201,2.590873184,1702.594249,1741.527946
202,1.970745714,1941.858133,1670.307563
203,1.060292715,1732.485294,1625.370321
204,2.136120594,1955.714291,1439.038136
205,1.067603898,1727.176742,1278.471645
206,2.936513498,1683.505096,1993.987482
207,2.276403481,1902.434047,1465.006383
208,15.84109654,1775.461803,1754.409577
209,0.796834628,1692.997245,1832.60269
210,1.833925484,1798.38564,1540.703196
211,0.279412009,1843.426986,1180.924764
212,2.104932617,1922.302511,1189.167063
213,3.281205721,1866.107493,1108.68489
214,0.142761505,1708.943568,1917.762786
215,0.63731394,1736.274637,1841.78264
216,2.074984672,1839.564152,1425.391562
217,0.320093883,1900.774925,1156.43966
218,3.022938473,1583.208121,1893.682713
219,18.05484863,1756.755276,1414.212034
220,2.320201904,2032.941759,1487.75744
221,0.299504267,1843.813748,1623.947716
222,0.508001148,1720.767104,1648.23728
223,0.315196926,1805.695634,1666.962907
224,1.605226711,1953.349431,1944.219763
225,0.267279234,1789.136567,1307.12005
226,0.615041778,1807.048979,1880.965199
227,2.588549648,1828.276457,1786.293728
228,4.65336889,1823.316774,1497.520086
229,0.06705782,1918.642491,1908.791834
230,0.732597939,1687.476592,1895.852854
231,1.366102723,1535.148495,1571.871589
232,1.416359967,1795.136319,1669.50971
233,2.637299716,1865.015915,1114.093203
234,0.380248237,1851.696608,1176.137604
235,1.110060941,1718.02178,1228.291146
236,1.941460872,1703.079989,1589.260657
237,0.055252476,1730.575074,1368.308355
238,3.632894425,1814.830299,1735.741269
239,2.239500322,1653.279685,1954.115041
240,6.034898059,1885.382909,1260.648001
241,8.014690915,1876.820122,1966.171561
242,3.800075308,1662.125346,1007.86229
243,0.641982115,1705.562686,1593.577896
244,0.359041979,1798.732679,1388.064096
245,3.125792968,1868.304744,1337.630258
246,0.186348659,1908.269147,1980.934938
247,0.3181368,1795.427244,1475.070465
248,5.528229262,1749.482218,1250.97332
249,1.244294356,1882.144262,1470.847535
250,2.35133838,1951.305418,1832.61829
251,0.019434314,1870.935089,1745.948905
252,0.021695264,1515.568798,1723.007062
253,1.50524682,1735.828906,1378.292468
254,2.251137576,1739.928202,1228.247504
255,0.143587479,2069.654191,1588.380393
256,0.049623314,1756.25883,1931.827613
257,0.793545994,1829.745488,1202.534812
258,1.211924187,2027.300097,1682.771139
259,3.747446157,1600.96708,1266.664539
260,0.71311327,1651.863571,1593.400774
261,0.768146354,1876.004358,1931.27106
262,0.724894401,1836.330443,1139.004448
263,4.865920657,1956.400683,1371.001369
264,2.401348874,1648.449773,1060.485694
265,2.763733616,1876.464122,1748.806684
266,0.380924768,1796.950741,1550.864298
267,4.37064063,2107.481281,1191.445232
268,5.578607049,1709.036756,1034.781905
269,1.459704174,1694.483017,1618.942786
270,0.177596731,1715.029711,1915.562733
271,0.101522927,1917.758291,1827.33594
272,0.852792639,1862.487782,1319.687564
273,1.359083627,1894.81488,1062.873234
274,0.093425682,1663.105997,1464.817592
275,3.299926013,1891.127886,1288.049785
276,1.294651969,1811.69452,1717.602783
277,8.945962138,1772.836849,1838.039418
278,0.572585407,1767.976088,1271.874208
279,4.595841223,1982.627296,1908.424757
280,0.42254194,1686.891823,1894.377164
281,3.239460865,1829.935979,1518.96305
282,6.485256085,1720.140786,1855.507018
283,4.318989392,1788.693498,1149.977003
284,7.272893289,1726.898991,1415.838577
285,3.982497403,1727.785552,1217.593661
286,8.139798006,1761.973396,1685.798906
287,0.56061597,1786.769391,1785.459452
288,2.840044177,1741.509083,1752.66502
289,2.177970682,1795.154592,1854.719052
290,1.969181488,1820.666734,1301.78619
291,3.60880189,1751.165459,1479.174555
292,1.410507916,1903.25445,1642.780403
293,7.560948858,1905.106184,1793.543963
294,0.798893663,1856.814478,1495.914206
295,6.804472686,1935.164808,1592.347367
296,0.438459899,1824.405189,1188.021604
297,12.44009236,1765.077705,1756.79831
298,7.508477138,1767.945471,1300.00472
299,1.851968398,1735.710577,1716.157981
300,2.524074057,1639.366868,1287.677462
301,10.722875,1745.070553,1937.259787
302,5.588497292,1780.95117,1110.087023
303,0.101114404,1887.521493,1764.638069
304,9.747966498,1707.304724,1868.159141
305,1.771899073,1626.904527,1949.736468
306,0.879768445,1730.005709,1361.802411
307,8.684785594,1795.334421,1266.286288
308,0.986708493,1811.301511,1989.802405
309,1.75479163,1740.566362,1374.044122
310,0.291193399,1808.86363,1407.689158
311,0.558314027,1730.424401,1031.778803
312,8.449601337,2034.206304,1451.038521
313,3.822007815,1836.093917,1477.5509
314,0.921993851,1690.374204,1137.086289
315,0.72753231,1724.903781,1089.577548
316,4.17826667,1769.082126,1464.419338
317,2.61032386,1782.055929,1968.754239
318,0.041045182,1633.755475,1469.079534
319,3.051201123,1808.288335,1937.279992
320,0.30424482,2050.986226,1217.961099
321,5.117685938,1891.754341,1425.07986
322,0.468882897,1694.905094,1249.591641
323,0.8210683,1648.378491,1454.871454
324,1.938911386,1824.233547,1947.04346
325,1.94329408,1906.271119,1615.284946
326,0.010768082,1684.079155,1262.498227
327,4.366030013,1883.651141,1113.046907
328,8.253831273,1921.545846,1449.886446
329,1.07969488,1927.777813,1516.043085
330,8.636856369,1704.100356,1441.000246
331,0.811959169,1894.26244,1190.329264
332,2.750620026,1777.352337,1321.058762
333,0.819540813,1654.538228,1256.040338
334,1.093125701,1740.492304,1362.070258
335,0.79603342,1937.635353,1003.083792
336,1.249634609,1829.494383,1417.512981
337,0.683734417,1773.885776,1107.180913
338,4.760777201,1958.305662,1721.089397
339,0.626772561,2008.491672,1486.096502
340,1.835675153,1791.987158,1681.082444
341,9.876803286,1915.763444,1198.291734
342,1.660627414,1880.057716,1331.751307
343,5.826384248,1850.233093,1496.962931
344,1.062735676,1975.431959,1047.118355
345,0.98552625,1832.368626,1846.851153
346,19.27120685,1601.371455,1271.952674
347,0.272153393,1825.4037,1206.946058
348,7.519083464,1760.512967,1725.561819
349,2.081232184,1786.814269,1094.01928
350,2.123497242,1997.333716,1617.281121
351,0.579412593,1616.454737,1504.618454
352,0.401377588,1888.47624,1688.76746
353,0.605256935,1780.365635,1999.845525
354,0.931142158,1885.389417,1934.960161
355,3.893346006,1782.740494,1973.197922
356,0.682383071,1653.375896,1137.556247
357,0.754730856,1683.185988,1476.414403
358,12.04443005,1840.827171,1434.655399
359,0.475245431,1509.003884,1647.749701
360,2.725175009,1895.500086,1113.706441
361,0.022956711,1949.690611,1265.858418
362,2.678325986,1990.694582,1205.112621
363,0.293235943,1813.492403,1348.300857
364,1.424617889,1670.547442,1020.128402
365,3.364246487,1865.376673,1951.840184
366,2.037239317,1817.127928,1418.837121
367,0.33034919,1776.52401,1064.238089
368,0.685113855,1979.10381,1047.690695
369,3.074952286,1803.92399,1721.884117
370,0.937042693,1731.784416,1818.213568
371,7.636225456,1828.075539,1203.767813
372,0.393941237,1829.025902,1659.674403
373,12.90527337,1934.12102,1358.48453
374,10.92395156,1730.388748,1411.144571
375,4.432733857,1731.072005,1777.859511
376,3.413951704,1664.145715,1258.318304
377,0.480386056,1720.104533,1640.857543
378,1.330908724,1760.514178,1487.843559
379,0.175700676,1680.820169,1356.778264
380,1.651353431,1859.957716,1182.34781
381,6.768384905,1817.100454,1082.102534
382,8.45321515,1733.63197,1761.149677
383,4.060713152,1935.335119,1059.390709
384,4.099790999,1954.136813,1668.745719
385,3.698605182,1852.119198,1797.058042
386,6.27186407,1699.752017,1517.208528
387,1.519304596,1829.77427,1299.14968
388,2.226905183,1972.77621,1764.138112
389,0.844920635,1641.282101,1687.625728
390,4.24163609,1821.399171,1404.625933
391,0.954721658,1812.343331,1869.05656
392,1.433555217,1891.606707,1420.030408
393,1.133368207,1790.757931,1501.339737
394,0.05459753,1783.529965,1751.803119
395,0.993814766,1809.196066,1975.001139
396,1.660131735,1721.18039,1773.266695
397,0.854320175,1811.256682,1590.98489
398,4.003352263,1826.792948,1918.18599
399,3.350465613,1724.268886,1792.611432
400,1.906327669,1724.932576,1755.021476
401,0.705786253,1713.598822,1624.784822
402,2.864734959,1786.428909,1656.319757
403,8.252887392,1740.781853,1904.887845
404,1.057159313,1681.828574,1189.623703
405,3.821452615,1870.455151,1887.970919
406,3.483191245,1773.783658,1742.144
407,0.177265568,1761.650631,1528.814673
408,1.939043582,1668.101831,1311.955051
409,9.738440148,1770.622652,1471.24399
410,8.992150248,1690.512858,1119.378113
411,0.090153807,1750.621931,1270.015521
412,0.396490381,1702.145815,1711.675903
413,1.676716654,1920.572618,1109.250002
414,0.411143039,1692.074466,1005.193285
415,1.166609339,1697.765193,1050.33912
416,0.557295902,1735.577989,1273.789936
417,1.546352328,1622.672031,1479.955545
418,0.91016817,1852.027498,1381.716116
419,4.207016319,1730.847843,1369.059719
420,0.591669434,1917.74065,1541.744938
421,4.174599577,1689.826305,1298.872002
422,0.179045322,1731.646164,1928.580296
423,9.921231932,1862.77002,1225.821632
424,4.202997264,1784.083867,1619.808376
425,2.586678492,1902.995243,1347.854655
426,0.805379224,1833.557815,1879.054006
427,8.84783678,1923.222631,1086.845491
428,1.147490867,1747.744124,1282.881295
429,5.061476564,1966.189284,1816.565977
430,3.440165324,1798.694593,1130.637616
431,0.141214237,1848.026056,1978.93032
432,4.100902797,1585.957487,1405.210914
433,0.532569839,1849.170985,1216.599494
434,9.198904639,1812.724538,1171.279811
435,4.664084907,1820.267388,1311.261476
436,1.266586087,1677.919944,1749.864554
437,2.957448098,1818.768461,1171.378075
438,0.148799877,2026.389276,1065.547066
439,4.774039786,1651.168842,1929.665386
440,2.326933508,1776.650107,1411.95284
441,0.872165473,1801.075359,1274.233449
442,11.8704723,1842.795554,1755.348032
443,2.303423791,1872.917774,1613.787412
444,1.770189683,1696.231634,1181.570201
445,2.975664331,1718.830907,1607.844704
446,1.263024892,1846.357938,1001.560037
447,9.619409926,1829.536295,1941.818602
448,0.635240099,1705.571873,1659.132543
449,1.871983141,1800.092009,1891.590249
450,6.844169643,1912.369899,1302.475763
451,0.733404759,1698.29724,1617.951936
452,0.970623008,1823.671419,1039.05317
453,1.506470547,1932.352937,1320.127353
454,2.602170491,1764.624653,1745.883778
455,8.330396256,1738.41608,1242.642887
456,5.984405128,1907.670627,1353.427465
457,0.867820713,1686.479545,1300.721163
458,8.060264619,1852.332784,1826.705714
459,6.381190467,1911.155105,1466.611647
460,9.429196245,1793.676546,1521.041909
461,5.051811313,1862.474089,1958.40866
462,0.522762735,1770.98103,1488.09909
463,0.015279345,1975.077015,1319.766791
464,4.563230444,1871.157046,1832.376115
465,2.889541201,1739.937437,1491.449445
466,1.623973443,1930.124801,1791.085552
467,0.48461725,1816.478098,1883.439065
468,9.00980966,1737.153509,1563.958654
469,1.590295939,1720.78834,1905.163831
470,1.468624903,1778.37321,1009.17774
471,4.215152836,1726.417534,1718.564904
472,3.382776763,1814.473786,1888.278111
473,10.50939754,1745.801039,1877.557987
474,7.588327484,1671.870753,1056.713179
475,1.603322329,1766.737209,1456.102563
476,1.95594999,1973.93088,1440.567504
477,9.216908186,1850.590802,1632.523237
478,2.489611102,1839.487875,1117.839797
479,0.080240918,1798.752975,1869.519433
480,0.569581336,1712.428203,1212.254834
481,6.314326172,1901.596547,1720.421049
482,0.954828187,1647.428909,1958.670383
483,2.645978683,1708.871475,1928.797404
484,13.01212573,1936.971065,1113.042336
485,4.642329887,1622.965337,1652.101441
486,7.251101437,1964.437777,1307.272266
487,2.043466796,1835.078096,1959.333664
488,4.127977109,1780.632568,1664.851715
489,0.153214985,1961.031657,1002.091527
490,1.387294435,1861.097289,1938.149817
491,2.977525863,1848.065396,1177.068668
492,5.969328979,1781.347358,1455.154658
493,0.249695434,1694.835263,1726.886728
494,3.316441976,1808.01551,1919.236372
495,0.143095383,1813.413883,1569.472885
496,7.473521964,1719.022008,1309.218292
497,0.607596084,1742.089459,1499.073086
498,3.095484758,1861.969289,1071.739224
499,0.072774339,1867.206183,1528.402652
500,1.917286708,1934.319532,1501.003226
501,1.60211683,1732.551984,1392.702812
502,5.176635763,1667.691539,1451.95018
503,2.319017726,1773.426735,1471.61109
504,0.228410789,1787.021451,1050.89655
505,0.054002136,1881.591358,1436.963057
506,1.138455686,1763.209268,1998.798552
507,0.871516001,1967.156153,1435.896062
508,2.156841413,1902.658017,1659.95358
509,0.016123721,1702.101084,1967.999295
510,1.979886677,1819.817067,1734.512769
511,1.117840698,1785.698739,1388.645575
512,4.64070004,1777.941707,1924.379529
513,9.726437866,1668.742608,1223.255101
514,6.194424776,1888.337804,1388.376692
515,2.987330248,1751.91812,1546.20112
516,1.641447048,1715.176297,1826.672524
517,3.96161984,1842.465022,1910.973052
518,2.420055088,1911.201737,1745.403175
519,6.561361424,1619.301986,1900.871286
520,4.518135762,1827.949541,1085.463806
521,0.280717837,1862.543715,1960.7323
522,3.941884068,1729.549874,1937.801852
523,0.172074612,1727.437104,1871.050136
524,5.307322439,1683.269154,1998.956398
525,5.870066162,1764.828107,1539.30436
526,9.176378197,1826.85943,1335.260733
527,0.70118591,1887.551232,1696.009954
528,2.390953434,1984.343773,1185.664918
529,3.493482758,1822.592848,1333.582193
530,5.37307164,1834.281041,1244.509944
531,0.183064334,1859.652627,1334.352411
532,1.227083338,1826.455527,1529.041522
533,1.06796709,1706.32876,1055.943357
534,3.214052073,1699.410846,1772.906375
535,1.277596137,1743.440172,1080.434993
536,0.516765294,1737.570372,1741.75237
537,3.078296981,1715.444675,1155.654929
538,12.22726824,1719.110965,1685.068399
539,12.03294577,1913.940085,1158.402343
540,0.566679262,1860.746357,1466.404678
541,3.451109762,1859.999731,1421.717903
542,4.660345589,1700.240306,1556.082613
543,0.30051001,1694.988143,1864.427931
544,0.221635414,1861.530462,1233.506215
545,4.716754023,1927.924273,1331.37559
546,2.409445803,1700.59433,1156.239425
547,0.393360858,1947.91291,1648.227052
548,1.934228552,1805.323646,1913.999822
549,3.235450021,1835.541232,1705.761423
550,5.159689826,1734.796416,1927.457227
551,6.211921071,1843.479049,1331.457522
552,2.452934992,1894.752714,1221.767823
553,3.345777321,1871.648517,1608.132239
554,1.761111873,1812.742188,1582.405962
555,0.28800639,1693.394072,1120.622944
556,7.250267085,1860.576705,1849.863754
557,0.84076798,1754.004389,1676.436546
558,0.71198659,1846.594116,1920.456977
559,5.209619654,1936.327144,1246.662615
560,0.502594053,1977.379555,1201.540132
561,0.479068565,1673.686862,1212.776489
562,0.367895319,1896.37201,1510.009991
563,6.213514795,1643.672673,1161.061846
564,1.186967534,1906.257114,1384.719932
565,0.719970371,1799.711952,1406.713108
566,5.221476126,1781.189247,1223.755774
567,3.556616334,1642.093627,1150.892822
568,5.875442091,1763.14508,1825.948609
569,2.801511425,1489.489149,1947.527249
570,0.455623159,1751.479482,1243.358787
571,2.190538916,1734.933904,1612.004382
572,4.628562926,1604.562682,1174.143526
573,1.830713323,1864.279707,1871.731084
574,0.679776109,1869.82755,1687.237954
575,2.324687205,1704.401978,1114.72512
576,6.397894209,1826.84848,1891.891697
577,1.974376572,1846.556376,1915.857966
578,2.294552796,1918.793245,1326.324769
579,0.978572091,1984.722622,1832.101304
580,0.21122113,1863.475232,1264.168463
581,3.599969197,1805.358735,1042.894907
582,1.916259417,1890.943116,1505.148923
583,1.711295606,1773.425726,1247.252075
584,0.407636612,1722.371654,1130.458755
585,11.0135885,1832.725704,1957.221611
586,4.718386436,1706.91193,1644.267945
587,3.993503166,1619.867192,1653.059948
588,1.359331114,1786.5524,1003.997559
589,4.550885902,1584.790127,1818.477211
590,3.558018305,1806.228007,1835.358097
591,2.531160057,1849.902509,1107.447819
592,6.421443672,1750.201796,1374.179668
593,1.664946298,1791.970872,1563.932402
594,5.586453616,1799.936293,1568.762136
595,1.147085305,1848.034618,1390.466142
596,5.628014682,1916.337922,1130.03806
597,1.660268777,1984.320686,1018.019261
598,2.108122773,1816.29866,1880.056486
599,0.659801781,1726.502273,1420.118188
600,0.474719136,1814.860279,1325.063534
601,6.485565285,1777.253755,1853.222957
602,2.878586043,1706.606538,1719.851049
603,4.398881256,1845.320741,1449.160793
604,7.84987639,1794.310999,1996.454852
605,3.447867762,1778.984537,1794.911514
606,0.164328885,1754.495989,1697.725923
607,3.959861655,1946.7809,1875.880385
608,1.529371493,1614.045218,1920.343463
609,5.005237828,1578.2525,1059.907598
610,1.835968335,1822.656961,1511.65594
611,1.682260847,1937.540603,1562.793355
612,1.373436076,1763.582722,1006.418424
613,2.608620425,1821.662664,1006.59108
614,3.482654826,1709.017853,1207.204138
615,9.453552395,1701.868244,1334.477901
616,0.716358426,1695.289687,1481.902782
617,10.63812588,1751.855008,1416.796578
618,6.457286742,1829.667909,1294.77816
619,2.474306736,1794.069345,1623.408354
620,4.834974892,1810.585437,1488.937818
621,1.703482243,1752.467617,1699.338669
622,2.446381441,1858.608126,1170.251572
623,2.658578473,1654.354506,1891.811057
624,7.152823878,1795.021445,1648.880058
625,8.641368694,1761.16057,1374.704568
626,16.50801422,1801.291854,1072.408587
627,3.981866193,1855.02259,1753.6678
628,1.284171665,1793.070297,1427.989663
629,1.166549093,1873.908467,1493.300406
630,4.576440303,1764.166589,1564.921835
631,4.848886749,1901.749332,1908.998593
632,0.679497745,1820.982504,1053.61942
633,0.129945216,1749.204966,1568.412778
634,1.142227863,1855.747052,1395.493995
635,0.485406183,1778.273598,1405.437591
636,1.078292771,1743.781687,1296.067889
637,4.33659891,1826.586433,1234.501562
638,4.730597472,1777.433228,1711.772952
639,1.567903615,1941.096756,1823.120396
640,3.567160581,1874.79155,1304.212293
641,5.218875831,1707.895486,1577.283895
642,2.342746199,1790.772925,1280.79193
643,7.92142207,1697.293097,1863.532041
644,3.311056439,1676.175674,1104.099733
645,1.497493139,1716.919774,1597.461456
646,0.891039182,1852.90379,1659.473991
647,1.49787331,1779.790743,1870.827513
648,1.306923394,1648.648256,1442.617481
649,3.113334188,1798.656683,1412.157524
650,0.14398944,1910.627923,1983.091401
651,4.877297217,1679.945376,1778.697885
652,0.150875099,1915.509541,1960.547404
653,2.468687871,1664.595401,1681.854528
654,6.223137617,1843.662846,1884.947935
655,4.833355687,1811.717603,1079.237126
656,1.090362056,1889.099169,1660.655593
657,6.290336089,1739.11185,1966.880471
658,2.698166376,1835.541641,1918.802485
659,2.460346894,1695.482783,1567.709248
660,0.926501846,1690.966054,1760.462598
661,0.668138017,1660.987009,1442.85197
662,2.652468684,1757.823536,1357.020259
663,5.780078899,1802.904196,1383.817747
664,7.815781938,1691.040937,1937.859014
665,5.467171624,1857.869691,1703.09737
666,1.288442995,1673.280216,1032.582924
667,2.584155782,1684.301543,1859.602224
668,0.542094642,1881.353963,1149.379462
669,2.683586463,1575.79747,1661.907807
670,0.304075875,1783.768559,1269.568899
671,0.760004939,1812.655472,1290.476898
672,3.70344772,1948.112511,1669.288083
673,2.785945203,1795.971231,1898.284459
674,9.736417181,1894.337703,1987.297427
675,0.502008565,1769.830414,1923.870243
676,4.988157369,1879.931441,1396.475535
677,0.384718565,1989.226758,1198.416899
678,0.143837609,1810.518115,1476.272318
679,1.170402953,1793.411596,1015.471631
680,1.223166537,1686.233384,1528.989323
681,3.640710077,1677.532906,1933.065617
682,5.055902352,1858.437363,1373.106577
683,7.044642498,1784.399097,1033.713325
684,1.095461058,1698.427693,1891.324456
685,3.646570232,1545.494175,1873.279543
686,0.278901635,1577.938484,1494.719901
687,14.61755935,1755.878187,1623.103894
688,3.834073118,1942.025253,1170.510694
689,0.322573561,1818.542565,1936.804748
690,2.581983773,2011.404422,1948.85413
691,1.094611237,1722.378829,1733.36603
692,2.763089678,1657.343794,1714.62546
693,2.534943108,1936.456024,1501.105133
694,1.47955455,1652.70202,1602.554833
695,10.8538507,1806.704459,1606.088027
696,3.092890057,1770.653486,1957.546239
697,4.176493222,1770.953176,1153.865214
698,0.419055741,1863.446077,1417.434719
699,0.392772711,1810.691514,1790.39239
700,2.226963227,1701.752035,1719.492235
701,11.29416737,1991.489387,1517.225032
702,3.373898319,1704.620732,1733.562096
703,2.108290166,1862.488329,1419.148319
704,0.018350098,1914.451552,1602.607008
705,0.508511224,1896.912739,1319.003908
706,1.69817081,1955.346592,1897.051152
707,1.592206802,1720.565442,1713.088192
708,0.133677917,1778.884526,1223.955954
709,1.727093613,1800.920626,1004.330093
710,1.41156346,1714.361801,1069.172237
711,4.235841315,1982.750574,1141.715206
712,2.310660154,1789.923816,1762.524846
713,4.153208851,1710.341083,1391.504766
714,11.69016196,1676.321229,1710.826023
715,2.965818311,1843.845389,1247.33626
716,3.706218062,1827.591242,1590.435171
717,1.617824713,1792.846683,1833.306646
718,2.708198659,1924.903368,1235.19201
719,0.42372223,1659.784151,1667.589374
720,0.546621087,2034.550006,1877.868846
721,4.159856769,1768.270888,1644.555558
722,0.280661518,1878.282026,1692.977688
723,1.831238778,1705.875546,1351.823181
724,1.216140073,1744.570659,1555.58735
725,3.189618188,1804.304257,1690.662649
726,6.796101613,1948.393529,1288.12192
727,4.997115761,1751.469548,1239.027321
728,3.291504904,1897.52686,1917.637951
729,6.856744242,1748.635474,1607.385769
730,3.319861779,1891.965486,1798.853551
731,1.121753672,1962.969013,1883.494192
732,1.184133873,1865.13313,1777.771834
733,2.166468445,1833.331675,1518.920964
734,1.381369038,1845.390947,1648.038066
735,2.427684462,1791.212217,1904.607381
736,0.526436929,1832.610041,1202.53121
737,6.369925968,1785.752676,1731.459084
738,3.583984754,1764.877494,1417.143699
739,0.65549253,1675.406976,1671.621402
740,3.706850367,1759.954474,1433.66064
741,1.310029349,1831.961028,1488.525484
742,4.977014098,1810.936258,1168.576061
743,0.201181373,1651.415319,1592.212674
744,0.345663111,1810.846907,1520.289004
745,0.535850799,1745.167392,1550.911767
746,1.368729982,1726.638804,1575.809857
747,6.082203302,1562.276883,1938.084936
748,0.338009383,1876.30361,1034.689656
749,1.217888869,1897.511195,1564.725519
750,9.04872968,1912.883166,1788.923276
751,2.945740936,1928.131564,1497.743056
752,0.732745428,1915.356129,1867.806595
753,1.831154371,1823.859929,1117.220589
754,8.273455554,1742.397153,1873.51817
755,0.129801406,1875.286841,1352.793199
756,0.014313312,1674.596012,1399.706797
757,12.83599507,1767.761089,1542.155457
758,8.04254979,1681.018919,1281.525637
759,5.120270239,1966.082688,1925.271517
760,4.620920442,1867.816973,1170.619199
761,9.733736269,1734.190167,1464.004498
762,0.729324142,1893.126083,1778.674906
763,2.015220615,1916.620278,1975.99156
764,1.545145588,1812.183452,1933.983726
765,3.651315261,1742.299446,1564.368651
766,1.180604625,1863.034913,1662.723959
767,6.698580483,1866.566639,1772.24171
768,7.013007095,1845.163581,1005.600254
769,4.480921838,1756.286396,1879.426852
770,1.983636963,1801.319603,1625.228919
771,5.331359351,1803.426016,1672.64862
772,3.82532497,1876.817418,1255.932131
773,1.221158652,1774.198756,1965.529319
774,1.569932608,1797.941368,1801.037692
775,0.602437153,1546.249711,1149.162575
776,0.61588712,1762.168683,1367.492965
777,2.167336827,1772.357626,1392.78696
778,1.868766275,1817.310731,1988.824148
779,0.475186037,1831.570042,1899.645822
780,12.93607173,1704.677347,1346.720494
781,3.994052801,1832.943659,1910.208495
782,9.115951672,1761.182304,1479.083679
783,2.595931121,1798.178356,1811.235201
784,4.35682282,1625.431742,1845.65648
785,0.576054573,1751.762163,1523.307909
786,4.62326994,1694.91934,1554.443236
787,0.050895888,1721.955543,1780.835067
788,0.196374139,1772.12626,1557.401938
789,5.14233444,1915.020375,1554.155184
790,4.432668222,1711.301206,1974.826307
791,2.619965447,1910.222948,1129.763226
792,0.694471288,1701.873921,1904.656361
793,5.562304275,1824.281901,1804.424678
794,0.570890375,1684.64657,1972.999469
795,2.93511749,1748.44048,1074.849612
796,5.043853942,1663.380242,1663.039282
797,3.333085958,1687.792222,1713.927586
798,1.553159926,1913.241335,1246.094063
799,1.677984506,1777.284403,1683.350274
800,0.265607595,1825.34717,1819.066479
801,2.174633941,1776.898703,1191.691741
802,0.979980092,1947.23303,1044.081616
803,3.760143145,1740.81492,1880.442688
804,1.272869984,1853.621043,1546.003397
805,1.578551497,1780.465697,1350.687853
806,0.290699548,1911.44034,1721.615663
807,1.769463013,1930.402996,1918.499063
808,1.392400964,1967.303483,1845.963092
809,0.847592934,1735.323907,1746.268586
810,0.611502275,1847.024367,1730.735337
811,1.707449434,1751.732687,1912.724875
812,0.742099611,1859.059142,1188.194713
813,2.735214866,1624.237631,1955.861081
814,1.813407346,1783.706576,1662.867452
815,2.102824297,1735.883477,1353.357652
816,2.354376068,1683.328421,1575.965652
817,4.0739828,1716.24221,1511.425336
818,4.925187802,1718.468265,1179.520757
819,0.983369289,1647.45119,1634.124925
820,8.296623448,1938.684416,1071.907304
821,1.851556799,1829.703173,1242.481464
822,1.286188021,1765.758924,1161.263658
823,0.196438458,1860.737862,1612.441635
824,1.316309917,1764.666601,1415.540341
825,0.02971097,1843.942253,1678.80131
826,7.180270442,1892.28786,1259.417061
827,0.093543923,1802.764536,1098.774665
828,2.402870362,1691.769195,1419.688704
829,1.716494587,1809.131047,1615.287597
830,1.720166985,1859.803272,1575.68296
831,1.405055046,1741.634525,1461.47456
832,0.3250623,1812.154038,1000.903086
833,0.998096363,1906.37459,1303.604553
834,0.516073108,1814.195644,1161.531365
835,1.088547782,1778.138615,1121.425756
836,5.240376167,1886.457719,1370.574927
837,0.014098573,1853.499768,1842.44266
838,3.12109732,1848.019626,1484.629443
839,2.128071264,1924.467635,1901.460474
840,1.44530486,1696.680171,1952.478429
841,7.952632703,1758.729799,1347.922697
842,0.372083902,1920.075247,1259.191374
843,1.272678813,1856.158108,1226.210615
844,1.443017959,1648.50365,1401.268467
845,3.545913284,1919.632202,1915.368112
846,4.811786972,1924.139985,1217.228495
847,3.851880759,1823.129979,1726.864659
848,13.49448275,1633.729549,1319.998635
849,1.283226155,1827.222007,1913.688748
850,6.555347012,1872.717939,1846.271797
851,0.684503726,1898.688854,1930.503708
852,3.876906291,1936.906261,1018.114494
853,6.999448662,1828.883845,1053.503725
854,0.158370278,1748.501631,1177.309842
855,1.334365252,1789.627182,1480.107649
856,3.617789861,1787.445083,1384.044705
857,0.859663895,1953.355561,1814.066811
858,1.932266492,1799.441009,1849.685553
859,0.225300542,1703.865529,1842.862678
860,13.82868859,1943.120571,1898.930964
861,1.21518321,1783.32304,1991.782204
862,1.771353096,1858.448809,1250.291701
863,2.754810445,1840.601042,1406.743925
864,0.160790016,1780.278202,1003.53077
865,7.969321103,1731.036875,1903.531429
866,5.690361543,1700.442398,1892.091732
867,2.070005842,1780.654891,1364.162151
868,0.424428524,1900.654265,1480.479361
869,2.21156663,1714.968831,1502.499998
870,7.854224508,1622.5708,1381.466682
871,1.231262527,1708.282706,1095.684903
872,1.572184193,1653.357776,1367.591091
873,2.440776092,1798.970217,1622.756878
874,2.100092103,1946.989732,1178.665563
875,0.042509298,1750.789319,1750.312593
876,0.900667995,1795.383751,1575.621089
877,3.819153791,1616.973239,1217.155164
878,1.674360924,1680.73253,1088.273349
879,4.267235376,1936.373789,1454.294616
880,2.303546896,1887.71034,1850.987343
881,0.772249165,1822.198755,1273.934462
882,0.817908051,1760.139691,1405.707497
883,1.672285461,1706.235046,1620.474453
884,1.131507654,1595.285466,1447.423569
885,1.361812653,1668.552502,1972.71558
886,3.118201244,1594.253973,1024.060883
887,5.793866336,1673.766931,1970.363458
888,4.371540213,1931.532958,1642.997582
889,1.137535117,1756.637042,1947.095649
890,0.498392177,1890.266508,1961.556791
891,0.062035044,1734.385442,1291.160508
892,2.020038385,1558.558292,1547.072988
893,1.799277927,2039.495077,1672.790273
894,2.017167217,1677.673287,1903.082666
895,3.702788522,1846.654383,1727.864919
896,0.773274376,1724.336254,1777.507661
897,1.681052908,1921.50889,1086.282292
898,0.778743389,1942.898007,1727.201772
899,7.61391738,1781.66378,1192.043062
900,0.498849277,1646.042959,1183.173036
901,1.112328824,1614.199408,1022.520938
902,0.652236499,1714.249254,1889.607882
903,3.459411741,1820.705125,1085.208281
904,0.226772051,1788.049369,1493.273783
905,3.000601536,1868.494707,1719.291052
906,0.430386233,1889.083897,1778.22881
907,11.67698829,1740.719875,1114.479792
908,1.673017616,1913.63306,1997.319691
909,3.230507724,1691.205504,1791.290444
910,7.574516801,1627.957429,1154.94884
911,1.015338472,1693.36307,1560.4286
912,1.355554114,1755.587097,1918.796667
913,2.745161647,1710.893516,1705.069732
914,0.646528294,1923.419711,1406.031079
915,1.92800254,1793.361056,1448.396005
916,0.463241737,1624.490618,1897.633794
917,1.721188081,1772.049095,1099.839156
918,2.614899086,1836.408145,1453.779043
919,2.871296578,1950.274564,1021.19117
920,0.804419524,1752.617283,1035.267958
921,7.534958006,1821.874604,1287.145453
922,1.906507026,1591.353031,1697.791134
923,2.378911592,1884.279314,1716.057823
924,3.582613991,1772.581115,1149.4518
925,1.917911266,1817.065027,1804.195158
926,5.534354176,1880.685896,1332.021522
927,4.000243767,1706.108542,1553.548615
928,2.369370727,1972.176904,1199.381459
929,2.36856309,1633.149901,1166.136558
930,1.543343685,1702.912799,1174.388592
931,1.755362105,1998.343126,1944.229255
932,0.505296626,1652.250384,1863.20979
933,0.737259914,1834.777315,1037.453556
934,0.806395796,1674.996467,1270.88602
935,9.638963542,1839.66374,1285.973058
936,5.17827991,1966.848167,1018.65185
937,1.808398426,1825.887893,1578.159967
938,0.15407119,1756.842791,1035.596001
939,1.717290182,1877.350312,1903.746205
940,0.758142223,1856.834011,1876.812956
941,4.80158924,1929.928648,1145.456915
942,2.523412786,1737.187179,1698.346894
943,4.653466804,1710.998282,1505.484715
944,9.637905232,1793.460608,1489.382197
945,3.104962128,1663.313669,1608.816091
946,6.283660965,1810.811752,1907.85659
947,0.239499813,1775.688038,1107.903637
948,0.111283743,1505.597725,1575.628626
949,2.513522761,1917.746814,1629.184208
950,2.814155219,1620.754306,1100.888526
951,3.069611622,1885.479153,1974.124894
952,0.003436997,1796.217787,1451.621207
953,3.848840235,1800.465323,1206.648608
954,0.651328612,1743.594372,1397.399256
955,2.820282818,1899.190507,1716.596792
956,2.199403752,1836.869789,1865.548728
957,4.022610164,1827.557135,1314.720612
958,0.668097698,1619.044488,1629.945134
959,4.181532328,1816.141757,1929.714048
960,2.192279228,1790.031823,1597.038915
961,8.465221236,1842.787832,1039.087188
962,1.096339788,1861.93918,1004.222291
963,0.843992525,1812.600575,1760.120894
964,1.548201024,1797.860532,1518.998001
965,6.535036353,1785.411873,1838.960768
966,4.633025681,1865.379495,1992.987483
967,6.22108295,1746.779398,1541.503426
968,3.636137945,1725.610426,1088.357922
969,0.822589154,1846.325958,1541.595966
970,6.738882282,1752.982958,1048.854798
971,1.233381075,1786.114889,1816.347532
972,1.826800548,1942.378912,1941.529458
973,1.362576605,1865.873007,1263.21082
974,4.191865789,1844.78107,1150.055396
975,3.417740224,1736.73762,1769.590322
976,4.809920925,1782.114668,1852.438911
977,0.951147349,1740.65752,1039.725937
978,0.384481321,1855.752496,1096.711793
979,3.177940769,1863.315793,1186.798696
980,6.830326432,1808.227861,1779.180447
981,1.366858866,1958.985443,1049.269909
982,2.884674626,1684.330423,1196.253495
983,2.831383844,1746.467368,1894.84897
984,0.159457403,1748.557013,1146.677472
985,0.329938431,1815.39107,1513.527411
986,18.84452524,1812.653548,1824.169095
987,0.83759435,1852.793522,1384.179442
988,0.446226326,1652.368662,1472.90017
989,4.717767782,1806.474874,1826.060301
990,10.3641266,1616.972667,1782.524971
991,0.65626687,1828.111674,1057.037224
992,9.217972129,1725.985612,1212.458103
993,0.323353465,1517.446484,1802.519587
994,8.170137221,1919.571648,1597.109847
995,2.993230685,1965.214244,1672.828561
996,3.596938141,1833.18364,1480.868402
997,5.973073929,1932.296498,1309.934872
998,2.404102192,1922.588718,1446.041099
999,2.363511457,1740.769091,1760.027161
1000,2.969242402,1916.537312,1832.725722
